Basin,Year,net_area_km2,net_area_unc_km2,extinction_year_est
Cayumapu,1959,0.5327763401820914,0.0,2041.65026936402
Cayumapu,1960,6.21856177508886,0.0,2041.65026936402
Cayumapu,1985,4.906240171837914,0.0,2041.65026936402
Cayumapu,1986,4.714948886189131,0.0,2041.65026936402
Cayumapu,1987,4.540121692503577,0.0,2041.65026936402
Cayumapu,1988,4.446831417227386,0.0,2041.65026936402
Cayumapu,1989,4.353541141951196,0.0,2041.65026936402
Cayumapu,1990,4.260250866675005,0.0,2041.65026936402
Cayumapu,1991,4.166960591398814,0.0,2041.65026936402
Cayumapu,1992,4.073670316122623,0.0,2041.65026936402
Cayumapu,1993,3.980380040846432,0.0,2041.65026936402
Cayumapu,1994,3.887089765570241,0.0,2041.65026936402
Cayumapu,1995,3.79379949029405,0.0,2041.65026936402
Cayumapu,1996,3.7005092150178593,0.0,2041.65026936402
Cayumapu,1997,3.607218939741669,0.0,2041.65026936402
Cayumapu,1998,3.513928664465477,0.0,2041.65026936402
Cayumapu,1999,3.4206383891892864,0.0,2041.65026936402
Cayumapu,2000,3.366942776149044,0.0,2041.65026936402
Cayumapu,2001,3.58782753818044,0.0,2041.65026936402
Cayumapu,2002,3.8162089951334384,0.0,2041.65026936402
Cayumapu,2003,4.059707754242398,0.0,2041.65026936402
Cayumapu,2004,4.094594279892247,0.0,2041.65026936402
Cayumapu,2005,3.4207018918621523,0.0,2041.65026936402
Cayumapu,2006,4.287569109000859,0.0,2041.65026936402
Cayumapu,2007,3.391148901272195,0.0,2041.65026936402
Cayumapu,2008,3.4437102839934477,0.0,2041.65026936402
Cayumapu,2009,3.4962716667147,0.0,2041.65026936402
Cayumapu,2010,3.548833049435952,0.0,2041.65026936402
Cayumapu,2011,3.324065055076772,0.0,2041.65026936402
Cayumapu,2012,3.0890547825867984,0.0,2041.65026936402
Cayumapu,2013,2.8540445100968257,0.0,2041.65026936402
Cayumapu,2014,2.625939773753545,0.0,2041.65026936402
Cayumapu,2015,2.7059945879577425,0.0,2041.65026936402
Cayumapu,2016,2.687538846722242,0.0,2041.65026936402
Cayumapu,2017,2.539171349796121,0.0,2041.65026936402
Cayumapu,2018,2.275000212205766,0.0,2041.65026936402
Cayumapu,2019,2.096032319642659,0.0,2041.65026936402
Cayumapu,2020,2.1303991283250663,0.0,2041.65026936402
Cayumapu,2021,2.195932875418432,0.0,2041.65026936402
Cayumapu,2022,1.838552771880732,0.0,2041.65026936402
Cayumapu,2023,1.8147636074256552,0.0,2041.65026936402
Cayumapu,2024,1.7299644961395526,0.0,2041.65026936402
Cruces,1959,7.482226650716755,0.0,2195.9183546644767
Cruces,1960,53.97016305652301,0.0,2195.9183546644767
Cruces,1985,52.03786982694027,0.0,2195.9183546644767
Cruces,1986,51.36984067381493,0.0,2195.9183546644767
Cruces,1987,50.81141465573235,0.0,2195.9183546644767
Cruces,1988,50.67969781981008,0.0,2195.9183546644767
Cruces,1989,50.54798098388781,0.0,2195.9183546644767
Cruces,1990,50.41626414796554,0.0,2195.9183546644767
Cruces,1991,50.28454731204327,0.0,2195.9183546644767
Cruces,1992,50.15283047612101,0.0,2195.9183546644767
Cruces,1993,50.021113640198735,0.0,2195.9183546644767
Cruces,1994,49.88939680427647,0.0,2195.9183546644767
Cruces,1995,49.7576799683542,0.0,2195.9183546644767
Cruces,1996,49.62596313243193,0.0,2195.9183546644767
Cruces,1997,49.49424629650965,0.0,2195.9183546644767
Cruces,1998,49.36252946058738,0.0,2195.9183546644767
Cruces,1999,49.23081262466511,0.0,2195.9183546644767
Cruces,2000,49.19814736754005,0.0,2195.9183546644767
Cruces,2001,49.8523832764232,0.0,2195.9183546644767
Cruces,2002,50.31681171338919,0.0,2195.9183546644767
Cruces,2003,50.39848789293539,0.0,2195.9183546644767
Cruces,2004,50.11143322925841,0.0,2195.9183546644767
Cruces,2005,48.57158220667932,0.0,2195.9183546644767
Cruces,2006,50.50159152658747,0.0,2195.9183546644767
Cruces,2007,48.00890781933399,0.0,2195.9183546644767
Cruces,2008,48.5643494298951,0.0,2195.9183546644767
Cruces,2009,49.11979104045622,0.0,2195.9183546644767
Cruces,2010,49.67523265101733,0.0,2195.9183546644767
Cruces,2011,48.73991975699453,0.0,2195.9183546644767
Cruces,2012,47.7495505886548,0.0,2195.9183546644767
Cruces,2013,46.75918142031507,0.0,2195.9183546644767
Cruces,2014,45.7985995317201,0.0,2195.9183546644767
Cruces,2015,46.16727500174048,0.0,2195.9183546644767
Cruces,2016,45.95076607745464,0.0,2195.9183546644767
Cruces,2017,45.28906089680695,0.0,2195.9183546644767
Cruces,2018,45.13669297328104,0.0,2195.9183546644767
Cruces,2019,45.25840658455913,0.0,2195.9183546644767
Cruces,2020,45.80291874523286,0.0,2195.9183546644767
Cruces,2021,42.60897304318583,0.0,2195.9183546644767
Cruces,2022,37.84658842117143,0.0,2195.9183546644767
Cruces,2023,43.67962167254026,0.0,2195.9183546644767
Cruces,2024,43.5907086826657,0.0,2195.9183546644767
Cutipay,1959,0.4358020993229055,0.0,2079.83947799877
Cutipay,1960,4.811878836347277,0.0,2079.83947799877
Cutipay,1985,2.570995814992853,0.0,2079.83947799877
Cutipay,1986,2.54382095633317,0.0,2079.83947799877
Cutipay,1987,2.5199432915003466,0.0,2079.83947799877
Cutipay,1988,2.510259656850181,0.0,2079.83947799877
Cutipay,1989,2.5005760222000157,0.0,2079.83947799877
Cutipay,1990,2.490892387549849,0.0,2079.83947799877
Cutipay,1991,2.481208752899684,0.0,2079.83947799877
Cutipay,1992,2.471525118249518,0.0,2079.83947799877
Cutipay,1993,2.461841483599352,0.0,2079.83947799877
Cutipay,1994,2.452157848949186,0.0,2079.83947799877
Cutipay,1995,2.442474214299021,0.0,2079.83947799877
Cutipay,1996,2.4327905796488545,0.0,2079.83947799877
Cutipay,1997,2.423106944998689,0.0,2079.83947799877
Cutipay,1998,2.413423310348523,0.0,2079.83947799877
Cutipay,1999,2.403739675698357,0.0,2079.83947799877
Cutipay,2000,2.399868813947769,0.0,2079.83947799877
Cutipay,2001,2.436308268609554,0.0,2079.83947799877
Cutipay,2002,2.4517352139124293,0.0,2079.83947799877
Cutipay,2003,2.424789826293197,0.0,2079.83947799877
Cutipay,2004,2.3768288574618457,0.0,2079.83947799877
Cutipay,2005,2.25746555246406,0.0,2079.83947799877
Cutipay,2006,2.312546605408442,0.0,2079.83947799877
Cutipay,2007,2.1750913738335176,0.0,2079.83947799877
Cutipay,2008,2.208451206155266,0.0,2079.83947799877
Cutipay,2009,2.2418110384770142,0.0,2079.83947799877
Cutipay,2010,2.2751708707987626,0.0,2079.83947799877
Cutipay,2011,2.17494140364722,0.0,2079.83947799877
Cutipay,2012,2.0697782407765017,0.0,2079.83947799877
Cutipay,2013,1.964615077905784,0.0,2079.83947799877
Cutipay,2014,1.864703469690305,0.0,2079.83947799877
Cutipay,2015,1.9991424879658728,0.0,2079.83947799877
Cutipay,2016,1.983733332543688,0.0,2079.83947799877
Cutipay,2017,1.9769382605083747,0.0,2079.83947799877
Cutipay,2018,1.8691868783157184,0.0,2079.83947799877
Cutipay,2019,1.792562577977712,0.0,2079.83947799877
Cutipay,2020,1.8758448721114127,0.0,2079.83947799877
Cutipay,2021,1.8471632015319568,0.0,2079.83947799877
Cutipay,2022,1.8634277303670737,0.0,2079.83947799877
Cutipay,2023,1.0715596560967615,0.0,2079.83947799877
Cutipay,2024,1.7634483426489294,0.0,2079.83947799877
Domingo,1959,2.272554895382154,0.0,2032.2273280994573
Domingo,1960,21.054351874281156,0.0,2032.2273280994573
Domingo,1985,17.92776168558693,0.0,2032.2273280994573
Domingo,1986,17.163565621948297,0.0,2032.2273280994573
Domingo,1987,16.526329816744344,0.0,2032.2273280994573
Domingo,1988,16.38153278781253,0.0,2032.2273280994573
Domingo,1989,16.23673575888072,0.0,2032.2273280994573
Domingo,1990,16.091938729948907,0.0,2032.2273280994573
Domingo,1991,15.947141701017092,0.0,2032.2273280994573
Domingo,1992,15.80234467208528,0.0,2032.2273280994573
Domingo,1993,15.657547643153467,0.0,2032.2273280994573
Domingo,1994,15.512750614221655,0.0,2032.2273280994573
Domingo,1995,15.36795358528984,0.0,2032.2273280994573
Domingo,1996,15.22315655635803,0.0,2032.2273280994573
Domingo,1997,15.078359527426215,0.0,2032.2273280994573
Domingo,1998,14.933562498494403,0.0,2032.2273280994573
Domingo,1999,14.788765469562591,0.0,2032.2273280994573
Domingo,2000,14.634225315147004,0.0,2032.2273280994573
Domingo,2001,14.41211870357204,0.0,2032.2273280994573
Domingo,2002,14.165954867552378,0.0,2032.2273280994573
Domingo,2003,13.871278942569829,0.0,2032.2273280994573
Domingo,2004,13.464022362292438,0.0,2032.2273280994573
Domingo,2005,12.67426283270026,0.0,2032.2273280994573
Domingo,2006,13.38104201184588,0.0,2032.2273280994573
Domingo,2007,12.795244565674745,0.0,2032.2273280994573
Domingo,2008,12.60548401831221,0.0,2032.2273280994573
Domingo,2009,12.415723470949674,0.0,2032.2273280994573
Domingo,2010,12.225962923587138,0.0,2032.2273280994573
Domingo,2011,11.301380739832174,0.0,2032.2273280994573
Domingo,2012,10.349660257005947,0.0,2032.2273280994573
Domingo,2013,9.397939774179722,0.0,2032.2273280994573
Domingo,2014,8.480474835707247,0.0,2032.2273280994573
Domingo,2015,9.091663564027323,0.0,2032.2273280994573
Domingo,2016,8.049552013582991,0.0,2032.2273280994573
Domingo,2017,7.179708293231552,0.0,2032.2273280994573
Domingo,2018,6.645826052373482,0.0,2032.2273280994573
Domingo,2019,5.978940346340661,0.0,2032.2273280994573
Domingo,2020,6.237962139062179,0.0,2032.2273280994573
Domingo,2021,5.462274396061976,0.0,2032.2273280994573
Domingo,2022,5.648051234262908,0.0,2032.2273280994573
Domingo,2023,6.705199932581435,0.0,2032.2273280994573
Domingo,2024,4.922109402432726,0.0,2032.2273280994573
Maria,1959,0.1005612606571241,0.0,2121.305858308301
Maria,1960,2.914345903094467,0.0,2121.305858308301
Maria,1985,1.588168390092918,0.0,2121.305858308301
Maria,1986,1.4996273110803455,0.0,2121.305858308301
Maria,1987,1.428761163485065,0.0,2121.305858308301
Maria,1988,1.4230281990562976,0.0,2121.305858308301
Maria,1989,1.4172952346275305,0.0,2121.305858308301
Maria,1990,1.411562270198763,0.0,2121.305858308301
Maria,1991,1.405829305769995,0.0,2121.305858308301
Maria,1992,1.400096341341228,0.0,2121.305858308301
Maria,1993,1.3943633769124606,0.0,2121.305858308301
Maria,1994,1.3886304124836932,0.0,2121.305858308301
Maria,1995,1.382897448054926,0.0,2121.305858308301
Maria,1996,1.3771644836261585,0.0,2121.305858308301
Maria,1997,1.3714315191973911,0.0,2121.305858308301
Maria,1998,1.3656985547686238,0.0,2121.305858308301
Maria,1999,1.3599655903398564,0.0,2121.305858308301
Maria,2000,1.3578595521966044,0.0,2121.305858308301
Maria,2001,1.3809054593812204,0.0,2121.305858308301
Maria,2002,1.4087507705971027,0.0,2121.305858308301
Maria,2003,1.446274218867772,0.0,2121.305858308301
Maria,2004,1.4454196723591826,0.0,2121.305858308301
Maria,2005,1.3141724206970429,0.0,2121.305858308301
Maria,2006,1.5150405721320972,0.0,2121.305858308301
Maria,2007,1.2733419092634697,0.0,2121.305858308301
Maria,2008,1.2967324322177232,0.0,2121.305858308301
Maria,2009,1.3201229551719764,0.0,2121.305858308301
Maria,2010,1.34351347812623,0.0,2121.305858308301
Maria,2011,1.307897357627312,0.0,2121.305858308301
Maria,2012,1.2701020145008663,0.0,2121.305858308301
Maria,2013,1.2323066713744206,0.0,2121.305858308301
Maria,2014,1.1959531966054824,0.0,2121.305858308301
Maria,2015,1.2239430972905885,0.0,2121.305858308301
Maria,2016,1.1712550097832155,0.0,2121.305858308301
Maria,2017,1.1533336655380184,0.0,2121.305858308301
Maria,2018,1.130711535009064,0.0,2121.305858308301
Maria,2019,1.138521908258573,0.0,2121.305858308301
Maria,2020,1.1546989881403835,0.0,2121.305858308301
Maria,2021,1.1303992689331177,0.0,2121.305858308301
Maria,2022,1.0917645548226311,0.0,2121.305858308301
Maria,2023,1.0573724515214733,0.0,2121.305858308301
Maria,2024,1.0704288557011576,0.0,2121.305858308301
Pichoy,1959,0.4937296716139483,0.0,2066.908116124117
Pichoy,1960,13.788870525086294,0.0,2066.908116124117
Pichoy,1985,9.71113685698483,0.0,2066.908116124117
Pichoy,1986,9.625811580890977,0.0,2066.908116124117
Pichoy,1987,9.51369529331688,0.0,2066.908116124117
Pichoy,1988,9.344948541530764,0.0,2066.908116124117
Pichoy,1989,9.176201789744647,0.0,2066.908116124117
Pichoy,1990,9.00745503795853,0.0,2066.908116124117
Pichoy,1991,8.838708286172414,0.0,2066.908116124117
Pichoy,1992,8.669961534386296,0.0,2066.908116124117
Pichoy,1993,8.50121478260018,0.0,2066.908116124117
Pichoy,1994,8.332468030814063,0.0,2066.908116124117
Pichoy,1995,8.163721279027946,0.0,2066.908116124117
Pichoy,1996,7.994974527241829,0.0,2066.908116124117
Pichoy,1997,7.826227775455712,0.0,2066.908116124117
Pichoy,1998,7.657481023669596,0.0,2066.908116124117
Pichoy,1999,7.488734271883478,0.0,2066.908116124117
Pichoy,2000,7.433891577610623,0.0,2066.908116124117
Pichoy,2001,8.168948760442342,0.0,2066.908116124117
Pichoy,2002,8.731533586212715,0.0,2066.908116124117
Pichoy,2003,8.946322915098971,0.0,2066.908116124117
Pichoy,2004,8.665212681640558,0.0,2066.908116124117
Pichoy,2005,6.699238874915686,0.0,2066.908116124117
Pichoy,2006,8.856299353586385,0.0,2066.908116124117
Pichoy,2007,6.885339739905982,0.0,2066.908116124117
Pichoy,2008,7.004780402747312,0.0,2066.908116124117
Pichoy,2009,7.124221065588642,0.0,2066.908116124117
Pichoy,2010,7.243661728429973,0.0,2066.908116124117
Pichoy,2011,6.895472337279359,0.0,2066.908116124117
Pichoy,2012,6.530012517998393,0.0,2066.908116124117
Pichoy,2013,6.164552698717427,0.0,2066.908116124117
Pichoy,2014,5.805653129185775,0.0,2066.908116124117
Pichoy,2015,5.73950470471853,0.0,2066.908116124117
Pichoy,2016,5.877285461182101,0.0,2066.908116124117
Pichoy,2017,5.6892805956393895,0.0,2066.908116124117
Pichoy,2018,5.631452489623579,0.0,2066.908116124117
Pichoy,2019,5.566269960694308,0.0,2066.908116124117
Pichoy,2020,5.400892387847648,0.0,2066.908116124117
Pichoy,2021,5.445312724309584,0.0,2066.908116124117
Pichoy,2022,5.077419360890918,0.0,2066.908116124117
Pichoy,2023,5.197691447683851,0.0,2066.908116124117
Pichoy,2024,5.470076049884287,0.0,2066.908116124117
Punucapa,1959,0.1765821980062161,0.0,2078.228059858053
Punucapa,1960,4.220203531185518,0.0,2078.228059858053
Punucapa,1985,2.720315866024709,0.0,2078.228059858053
Punucapa,1986,2.579015982379959,0.0,2078.228059858053
Punucapa,1987,2.4676918595857065,0.0,2078.228059858053
Punucapa,1988,2.465131060525494,0.0,2078.228059858053
Punucapa,1989,2.462570261465282,0.0,2078.228059858053
Punucapa,1990,2.460009462405069,0.0,2078.228059858053
Punucapa,1991,2.4574486633448567,0.0,2078.228059858053
Punucapa,1992,2.454887864284644,0.0,2078.228059858053
Punucapa,1993,2.452327065224432,0.0,2078.228059858053
Punucapa,1994,2.449766266164219,0.0,2078.228059858053
Punucapa,1995,2.447205467104007,0.0,2078.228059858053
Punucapa,1996,2.4446446680437943,0.0,2078.228059858053
Punucapa,1997,2.4420838689835818,0.0,2078.228059858053
Punucapa,1998,2.439523069923369,0.0,2078.228059858053
Punucapa,1999,2.4369622708631566,0.0,2078.228059858053
Punucapa,2000,2.447262912547363,0.0,2078.228059858053
Punucapa,2001,2.5467548498289267,0.0,2078.228059858053
Punucapa,2002,2.6094133064605813,0.0,2078.228059858053
Punucapa,2003,2.5977959839304186,0.0,2078.228059858053
Punucapa,2004,2.546976090913268,0.0,2078.228059858053
Punucapa,2005,2.362961922265705,0.0,2078.228059858053
Punucapa,2006,2.5248195731780965,0.0,2078.228059858053
Punucapa,2007,2.3284665586582305,0.0,2078.228059858053
Punucapa,2008,2.292830686541307,0.0,2078.228059858053
Punucapa,2009,2.257194814424383,0.0,2078.228059858053
Punucapa,2010,2.2215589423074595,0.0,2078.228059858053
Punucapa,2011,2.1866870998123185,0.0,2078.228059858053
Punucapa,2012,2.151843474320254,0.0,2078.228059858053
Punucapa,2013,2.1169998488281903,0.0,2078.228059858053
Punucapa,2014,2.083706834494123,0.0,2078.228059858053
Punucapa,2015,2.119609843085947,0.0,2078.228059858053
Punucapa,2016,2.0206149455545983,0.0,2078.228059858053
Punucapa,2017,1.7339986770404128,0.0,2078.228059858053
Punucapa,2018,1.7976201057555563,0.0,2078.228059858053
Punucapa,2019,1.916067082249092,0.0,2078.228059858053
Punucapa,2020,1.951641786680074,0.0,2078.228059858053
Punucapa,2021,1.4701453856596316,0.0,2078.228059858053
Punucapa,2022,1.1168247312445625,0.0,2078.228059858053
Punucapa,2023,1.6562314641843752,0.0,2078.228059858053
Punucapa,2024,1.5585453194455186,0.0,2078.228059858053
TOTAL,1959,12.390734129381125,0.0,2084.681677470829
TOTAL,1960,110.73631375887848,0.0,2084.681677470829
TOTAL,1985,94.43458251457103,0.0,2084.681677470829
TOTAL,1986,92.33490133978847,0.0,2084.681677470829
TOTAL,1987,90.53598713734075,0.0,2084.681677470829
TOTAL,1988,89.9591295360683,0.0,2084.681677470829
TOTAL,1989,89.38227193479582,0.0,2084.681677470829
TOTAL,1990,88.80541433352334,0.0,2084.681677470829
TOTAL,1991,88.22855673225087,0.0,2084.681677470829
TOTAL,1992,87.6516991309784,0.0,2084.681677470829
TOTAL,1993,87.07484152970592,0.0,2084.681677470829
TOTAL,1994,86.49798392843344,0.0,2084.681677470829
TOTAL,1995,85.92112632716098,0.0,2084.681677470829
TOTAL,1996,85.3442687258885,0.0,2084.681677470829
TOTAL,1997,84.76741112461602,0.0,2084.681677470829
TOTAL,1998,84.19055352334355,0.0,2084.681677470829
TOTAL,1999,83.61369592207107,0.0,2084.681677470829
TOTAL,2000,83.30920120133277,0.0,2084.681677470829
TOTAL,2001,84.89348384778125,0.0,2084.681677470829
TOTAL,2002,86.020852942855,0.0,2084.681677470829
TOTAL,2003,86.22684264507372,0.0,2084.681677470829
TOTAL,2004,85.11699859899096,0.0,2084.681677470829
TOTAL,2005,79.5364904924167,0.0,2084.681677470829
TOTAL,2006,85.75259434688337,0.0,2084.681677470829
TOTAL,2007,79.0201983488587,0.0,2084.681677470829
TOTAL,2008,79.57081172327598,0.0,2084.681677470829
TOTAL,2009,80.12142509769326,0.0,2084.681677470829
TOTAL,2010,80.67203847211054,0.0,2084.681677470829
TOTAL,2011,77.9963691357812,0.0,2084.681677470829
TOTAL,2012,75.20154731297563,0.0,2084.681677470829
TOTAL,2013,72.40672549017007,0.0,2084.681677470829
TOTAL,2014,69.70050538064703,0.0,2084.681677470829
TOTAL,2015,70.94813672637312,0.0,2084.681677470829
TOTAL,2016,69.63443646086779,0.0,2084.681677470829
TOTAL,2017,67.29250148165508,0.0,2084.681677470829
TOTAL,2018,66.2215099767058,0.0,2084.681677470829
TOTAL,2019,65.49931675036296,0.0,2084.681677470829
TOTAL,2020,66.36077130111575,0.0,2084.681677470829
TOTAL,2021,61.71457563957856,0.0,2084.681677470829
TOTAL,2022,56.022383824002524,0.0,2084.681677470829
TOTAL,2023,62.78334673155032,0.0,2084.681677470829
TOTAL,2024,61.51715722977647,0.0,2084.681677470829
Tambillo,1959,0.1877402799975744,0.0,2071.256590069569
Tambillo,1960,3.7579382572719,0.0,2071.256590069569
Tambillo,1985,1.479060475299426,0.0,2071.256590069569
Tambillo,1986,1.4488562074196425,0.0,2071.256590069569
Tambillo,1987,1.4219458617051632,0.0,2071.256590069569
Tambillo,1988,1.4098015307119929,0.0,2071.256590069569
Tambillo,1989,1.397657199718822,0.0,2071.256590069569
Tambillo,1990,1.3855128687256513,0.0,2071.256590069569
Tambillo,1991,1.373368537732481,0.0,2071.256590069569
Tambillo,1992,1.36122420673931,0.0,2071.256590069569
Tambillo,1993,1.3490798757461393,0.0,2071.256590069569
Tambillo,1994,1.3369355447529685,0.0,2071.256590069569
Tambillo,1995,1.324791213759798,0.0,2071.256590069569
Tambillo,1996,1.312646882766627,0.0,2071.256590069569
Tambillo,1997,1.3005025517734563,0.0,2071.256590069569
Tambillo,1998,1.2883582207802855,0.0,2071.256590069569
Tambillo,1999,1.2762138897871151,0.0,2071.256590069569
Tambillo,2000,1.2693893800402014,0.0,2071.256590069569
Tambillo,2001,1.2994566741532818,0.0,2071.256590069569
Tambillo,2002,1.313681330987175,0.0,2071.256590069569
Tambillo,2003,1.2959588514894778,0.0,2071.256590069569
Tambillo,2004,1.2577831494305791,0.0,2071.256590069569
Tambillo,2005,1.1501157755372795,0.0,2071.256590069569
Tambillo,2006,1.3063232227402937,0.0,2071.256590069569
Tambillo,2007,1.167720513912427,0.0,2071.256590069569
Tambillo,2008,1.1473769768398072,0.0,2071.256590069569
Tambillo,2009,1.1270334397671875,0.0,2071.256590069569
Tambillo,2010,1.106689902694568,0.0,2071.256590069569
Tambillo,2011,1.0848316583732085,0.0,2071.256590069569
Tambillo,2012,1.0629174731591398,0.0,2071.256590069569
Tambillo,2013,1.041003287945071,0.0,2071.256590069569
Tambillo,2014,1.0193603516131533,0.0,2071.256590069569
Tambillo,2015,1.009821896647266,0.0,2071.256590069569
Tambillo,2016,0.9733261109041288,0.0,2071.256590069569
Tambillo,2017,0.9145880676830004,0.0,2071.256590069569
Tambillo,2018,0.921558101094924,0.0,2071.256590069569
Tambillo,2019,0.9404753357597594,0.0,2071.256590069569
Tambillo,2020,0.9735221373959884,0.0,2071.256590069569
Tambillo,2021,0.9404230911550628,0.0,2071.256590069569
Tambillo,2022,0.929874709732946,0.0,2071.256590069569
Tambillo,2023,0.9779574294806832,0.0,2071.256590069569
Tambillo,2024,0.8948129087191803,0.0,2071.256590069569
